<?xml version="1.0" encoding="UTF-8"?>
<!DOCTYPE hibernate-configuration SYSTEM
 "classpath://org/hibernate/hibernate-configuration-3.0.dtd">
 
 <hibernate-configuration>
 <session-factory>
 <property name="hibernate.connection.driver_class">com.mysql.jdbc.Driver</property>
<property name="hibernate.connection.url">jdbc:mysql://localhost:3306/demo</property>
<property name="hibernate.connection.username">root</property>
<property name="hibernate.connection.password">Akash@504</property>
<property name="hibernate.dialect">org.hibernate.dialect.MySQLDialect</property>
<property name="hbm2ddl.auto">create</property>
<property name="show_sql">true</property>
<mapping class="com.test.Address"></mapping>
<mapping class="com.test.Employee"></mapping>
</session-factory>
</hibernate-configuration>